File Name,NO.,NAME,Validation Link
Club Roster Profiles Fall 2024 (as of Sept. 17).pdf,1,Mounsef Bakrar,https://journaliststudio.google.com/pinpoint-extract/preview?collection=7f5e74ed3d1a45a3&job=3d1ada35f063ac1&docid=228eaff7c2805a82_7f5e74ed3d1a45a3&schid=8039&row=0&page=20
Club Roster Profiles Fall 2024 (as of Sept. 17).pdf,2,Julián Fernández,https://journaliststudio.google.com/pinpoint-extract/preview?collection=7f5e74ed3d1a45a3&job=3d1ada35f063ac1&docid=228eaff7c2805a82_7f5e74ed3d1a45a3&schid=8039&row=1&page=20
Club Roster Profiles Fall 2024 (as of Sept. 17).pdf,3,Mitja llenic,https://journaliststudio.google.com/pinpoint-extract/preview?collection=7f5e74ed3d1a45a3&job=3d1ada35f063ac1&docid=228eaff7c2805a82_7f5e74ed3d1a45a3&schid=8039&row=2&page=20
Club Roster Profiles Fall 2024 (as of Sept. 17).pdf,4,Alonso Martínez,https://journaliststudio.google.com/pinpoint-extract/preview?collection=7f5e74ed3d1a45a3&job=3d1ada35f063ac1&docid=228eaff7c2805a82_7f5e74ed3d1a45a3&schid=8039&row=3&page=20
Club Roster Profiles Fall 2024 (as of Sept. 17).pdf,,Jovan Mijatović,https://journaliststudio.google.com/pinpoint-extract/preview?collection=7f5e74ed3d1a45a3&job=3d1ada35f063ac1&docid=228eaff7c2805a82_7f5e74ed3d1a45a3&schid=8039&row=4&page=20
Club Roster Profiles Fall 2024 (as of Sept. 17).pdf,567,Maximiliano Moralez,https://journaliststudio.google.com/pinpoint-extract/preview?collection=7f5e74ed3d1a45a3&job=3d1ada35f063ac1&docid=228eaff7c2805a82_7f5e74ed3d1a45a3&schid=8039&row=5&page=20
Club Roster Profiles Fall 2024 (as of Sept. 17).pdf,,Agustín Ojeda,https://journaliststudio.google.com/pinpoint-extract/preview?collection=7f5e74ed3d1a45a3&job=3d1ada35f063ac1&docid=228eaff7c2805a82_7f5e74ed3d1a45a3&schid=8039&row=6&page=20
Club Roster Profiles Fall 2024 (as of Sept. 17).pdf,8,Birk Risa,https://journaliststudio.google.com/pinpoint-extract/preview?collection=7f5e74ed3d1a45a3&job=3d1ada35f063ac1&docid=228eaff7c2805a82_7f5e74ed3d1a45a3&schid=8039&row=7&page=20
Club Roster Profiles Fall 2024 (as of Sept. 17).pdf,9,Strahinja Tanasijević,https://journaliststudio.google.com/pinpoint-extract/preview?collection=7f5e74ed3d1a45a3&job=3d1ada35f063ac1&docid=228eaff7c2805a82_7f5e74ed3d1a45a3&schid=8039&row=8&page=20
Club Roster Profiles Fall 2024 (as of Sept. 17).pdf,10,Hannes Wolf,https://journaliststudio.google.com/pinpoint-extract/preview?collection=7f5e74ed3d1a45a3&job=3d1ada35f063ac1&docid=228eaff7c2805a82_7f5e74ed3d1a45a3&schid=8039&row=9&page=20
